{"cameraMode":{"drawMode":0,"name":"Shaded","section":"Shading Mode"},"sceneLighting":false,"audioPlay":false,"sceneViewState":{"m_AlwaysRefresh":false,"showFog":true,"showSkybox":false,"showFlares":true,"showImageEffects":true,"showParticleSystems":true,"showVisualEffectGraphs":true,"m_FxEnabled":true},"in2DMode":false,"pivot":{"x":9.5367431640625e-7,"y":3.5762786865234377e-7,"z":-0.000003814697265625},"rotation":{"x":-0.2248617559671402,"y":-0.011415903456509114,"z":0.0026413998566567899,"w":-0.9743521213531494},"size":4.746764659881592,"orthographic":false}