{"cameraMode":{"drawMode":0,"name":"Shaded","section":"Shading Mode"},"sceneLighting":false,"audioPlay":false,"sceneViewState":{"m_AlwaysRefresh":false,"showFog":true,"showSkybox":true,"showFlares":true,"showImageEffects":true,"showParticleSystems":true,"showVisualEffectGraphs":true,"m_FxEnabled":false},"in2DMode":false,"pivot":{"x":-12.79417610168457,"y":7.069385528564453,"z":-46.923545837402347},"rotation":{"x":-0.10983453691005707,"y":-0.037398189306259158,"z":0.004294431768357754,"w":-0.9933653473854065},"size":-0.3404465317726135,"orthographic":false}